k_wil;k_kec;n_kec;k_desa;n_desa;k_sls;k_subsls;n_sls
1,20603E+15;30;BALIGE;4;AEK BOLON JULU;4;0;DUSUN 1
1,20603E+15;30;BALIGE;4;AEK BOLON JULU;1;0;DUSUN 2
1,20603E+15;30;BALIGE;4;AEK BOLON JULU;2;0;DUSUN 3
1,20603E+15;30;BALIGE;4;AEK BOLON JULU;2;0;DUSUN 4
1,20603E+15;30;BALIGE;5;AEK BOLON JAE;4;0;DUSUN 1 LUMBAN TORUAN
1,20603E+15;30;BALIGE;5;AEK BOLON JAE;4;0;DUSUN 2 SOSOR NAULI GALA GALA
1,20603E+15;30;BALIGE;5;AEK BOLON JAE;4;0;DUSUN 3 SIPARENGGEAN
1,20603E+15;30;BALIGE;5;AEK BOLON JAE;3;0;DUSUN 4 SAIT NI HUTA DOLOK NASUKSUK
1,21E+15;30;BALIGE;6;SIBORUON;4;0;DUSUN 1
1,21E+15;30;BALIGE;7;HUTAGAOL PEATALUM;2;0;DUSUN 1 HUTAGAOL
1,21E+15;30;BALIGE;7;HUTAGAOL PEATALUM;1;0;DUSUN 2 LIGA LIGA
1,21E+15;30;BALIGE;7;HUTAGAOL PEATALUM;1;0;DUSUN 3 SIMARMAR
1,21E+15;30;BALIGE;7;HUTAGAOL PEATALUM;2;0;DUSUN 4 SOSOR DOLOK
1,21E+15;30;BALIGE;7;HUTAGAOL PEATALUM;3;0;DUSUN 5 PEATALUM
1,21E+15;30;BALIGE;8;BONAN DOLOK II;1;0;DUSUN SITATUAN
1,21E+15;30;BALIGE;8;BONAN DOLOK II;3;0;DUSUN SIMARANSAN
1,21E+15;30;BALIGE;9;HUTA NAMORA;2;0;DUSUN SIBANGEBANGE
1,21E+15;30;BALIGE;9;HUTA NAMORA;5;0;DUSUN NASONAK
1,21E+15;30;BALIGE;9;HUTA NAMORA;3;1;DUSUN SIBITARA
1,21E+15;30;BALIGE;10;HUTA DAME;3;2;DUSUN PANDUMAAN
1,21E+15;30;BALIGE;10;HUTA DAME;1;0;DUSUN SITAMPURUNG
1,21E+15;30;BALIGE;11;BONAN DOLOK I;4;0;DUSUN BALIGAS
1,21E+15;30;BALIGE;11;BONAN DOLOK I;3;0;DUSUN PATOGU
1,21E+15;30;BALIGE;11;BONAN DOLOK I;2;0;DUSUN PARASI
1,21E+15;30;BALIGE;11;BONAN DOLOK I;4;0;DUSUN PANGASI
1,21E+15;30;BALIGE;12;BONAN DOLOK III;3;0;DUSUN LUMBAN GALAGALA
1,21E+15;30;BALIGE;12;BONAN DOLOK III;3;0;DUSUN LUMBAN GALA GALA
1,21E+15;30;BALIGE;12;BONAN DOLOK III;1;0;DUSUN SIHOBUK
1,21E+15;30;BALIGE;13;SIBUNTUON;3;0;DUSUN 1
1,21E+15;30;BALIGE;13;SIBUNTUON;3;0;DUSUN 2
1,21E+15;30;BALIGE;13;SIBUNTUON;1;0;DUSUN 3
1,21E+15;30;BALIGE;13;SIBUNTUON;3;0;DUSUN 4
1,21E+15;30;BALIGE;14;LUMBAN GORAT;3;0;DUSUN 1
1,21E+15;30;BALIGE;14;LUMBAN GORAT;2;0;DUSUN 2
1,21E+15;30;BALIGE;14;LUMBAN GORAT;5;0;DUSUN 3
1,21E+15;30;BALIGE;15;SIANIPAR SIHAIL HAIL;4;0;DUSUN 1 LUMBAN GINABEAN
1,21E+15;30;BALIGE;15;SIANIPAR SIHAIL HAIL;4;0;DUSUN 2 SIHAIL HAIL
1,21E+15;30;BALIGE;15;SIANIPAR SIHAIL HAIL;2;0;DUSUN 3 SIOPAT OPAT
1,21E+15;30;BALIGE;15;SIANIPAR SIHAIL HAIL;4;0;DUSUN 4 SIANIPAR BALIGE
1,21E+15;30;BALIGE;16;SILALAHI PAGAR BATU;4;0;DUSUN 1
1,21E+15;30;BALIGE;16;SILALAHI PAGAR BATU;4;0;DUSUN 2
1,21E+15;30;BALIGE;16;SILALAHI PAGAR BATU;1;0;DUSUN 3
1,21E+15;30;BALIGE;17;HINALANG BAGASAN;5;0;DUSUN 1
1,21E+15;30;BALIGE;17;HINALANG BAGASAN;1;0;DUSUN 1
1,21E+15;30;BALIGE;17;HINALANG BAGASAN;6;0;DUSUN 2
1,21E+15;30;BALIGE;17;HINALANG BAGASAN;1;0;DUSUN 3
1,21E+15;30;BALIGE;18;SANGKAR NIHUTA;1;0;LINGKUNGAN 1
1,21E+15;30;BALIGE;18;SANGKAR NIHUTA;2;0;LINGKUNGAN 1
1,21E+15;30;BALIGE;18;SANGKAR NIHUTA;6;0;LINGKUNGAN 2
1,21E+15;30;BALIGE;18;SANGKAR NIHUTA;7;0;LINGKUNGAN 3
1,21E+15;30;BALIGE;18;SANGKAR NIHUTA;2;0;LINGKUNGAN 4
1,21E+15;30;BALIGE;19;PARDEDE ONAN;4;0;LINGKUNGAN 1
1,21E+15;30;BALIGE;19;PARDEDE ONAN;4;0;LINGKUNGAN 2
1,21E+15;30;BALIGE;19;PARDEDE ONAN;5;0;LINGKUNGAN 3
1,21E+15;30;BALIGE;19;PARDEDE ONAN;3;0;LINGKUNGAN 3
1,21E+15;30;BALIGE;19;PARDEDE ONAN;1;0;LINGKUNGAN 4
1,21E+15;30;BALIGE;19;PARDEDE ONAN;1;0;LINGKUNGAN 4
1,21E+15;30;BALIGE;19;PARDEDE ONAN;2;0;LINGKUNGAN 5
1,21E+15;30;BALIGE;20;NAPITUPULU BAGASAN;3;0;LINGKUNGAN 1
1,21E+15;30;BALIGE;20;NAPITUPULU BAGASAN;3;0;LINGKUNGAN 2
1,21E+15;30;BALIGE;20;NAPITUPULU BAGASAN;1;0;LINGKUNGAN 3
1,21E+15;30;BALIGE;20;NAPITUPULU BAGASAN;3;0;LINGKUNGAN 4
1,21E+15;30;BALIGE;20;NAPITUPULU BAGASAN;3;0;LINGKUNGAN 5
1,21E+15;30;BALIGE;20;NAPITUPULU BAGASAN;5;0;LINGKUNGAN 6
1,21E+15;30;BALIGE;20;NAPITUPULU BAGASAN;6;0;LINGKUNGAN 7
1,21E+15;30;BALIGE;21;BALIGE III;1;0;LINGKUNGAN 1
1,21E+15;30;BALIGE;21;BALIGE III;1;0;LINGKUNGAN 2
1,21E+15;30;BALIGE;21;BALIGE III;3;0;LINGKUNGAN 3
1,21E+15;30;BALIGE;21;BALIGE III;2;0;LINGKUNGAN 3
1,21E+15;30;BALIGE;22;BALIGE II;3;0;DUSUN 1
1,21E+15;30;BALIGE;22;BALIGE II;3;0;DUSUN 2
1,21E+15;30;BALIGE;23;PAINDOAN;3;0;DUSUN NAGATIMBUL
1,21E+15;30;BALIGE;23;PAINDOAN;2;0;DUSUN SIMPANG EMPAT
1,21E+15;30;BALIGE;23;PAINDOAN;2;0;DUSUN ONAN SAMPANG
1,21E+15;30;BALIGE;24;PARSURATAN;5;0;DUSUN 1
1,21E+15;30;BALIGE;24;PARSURATAN;1;0;DUSUN 2
1,21E+15;30;BALIGE;24;PARSURATAN;4;0;DUSUN 3
1,21E+15;30;BALIGE;25;HUTA BULU MEJAN;1;0;DUSUN 1 HUTABULU
1,21E+15;30;BALIGE;25;HUTA BULU MEJAN;4;0;DUSUN 2 HUTA GURGUR
1,21E+15;30;BALIGE;25;HUTA BULU MEJAN;1;0;DUSUN 3 MEJAN
1,21E+15;30;BALIGE;26;SARIBURAJA JANJI MARIA;1;0;DUSUN 1
1,21E+15;30;BALIGE;26;SARIBURAJA JANJI MARIA;3;0;DUSUN 2
1,21E+15;30;BALIGE;26;SARIBURAJA JANJI MARIA;5;0;DUSUN 3
1,21E+15;30;BALIGE;26;SARIBURAJA JANJI MARIA;2;0;DUSUN 4
1,21E+15;30;BALIGE;27;BARU ARA;4;0;DUSUN BATU BARA
1,21E+15;30;BALIGE;27;BARU ARA;1;0;DUSUN GALA GALA
1,21E+15;30;BALIGE;27;BARU ARA;1;0;DUSUN HUTAGALUNG SIGUNDALI
1,21E+15;30;BALIGE;27;BARU ARA;1;0;DUSUN LUMBAN ONAN
1,21E+15;30;BALIGE;27;BARU ARA;3;0;DUSUN PANGARAJI
1,21E+15;30;BALIGE;27;BARU ARA;4;0;DUSUN PULO NAGODANG
1,21E+15;30;BALIGE;27;BARU ARA;4;0;DUSUN SIMPANG TIGA
1,21E+15;30;BALIGE;27;BARU ARA;3;0;DUSUN SISANDI
1,21E+15;30;BALIGE;28;MATIO;1;0;DUSUN 1
1,21E+15;30;BALIGE;28;MATIO;2;0;DUSUN 2
1,21E+15;30;BALIGE;28;MATIO;2;0;DUSUN 3
1,21E+15;30;BALIGE;28;MATIO;1;0;DUSUN 4
1,21E+15;30;BALIGE;29;LUMBAN PEA;2;0;DUSUN 1 PASAR TAMBUNAN
1,21E+15;30;BALIGE;29;LUMBAN PEA;3;0;DUSUN 2 PARBAGASAN
1,21E+15;30;BALIGE;29;LUMBAN PEA;1;0;DUSUN 3 PASAR SINTA NAULI
1,21E+15;30;BALIGE;29;LUMBAN PEA;3;0;DUSUN 4 LUMBAN TONGA TONGA
1,21E+15;30;BALIGE;29;LUMBAN PEA;3;0;DUSUN 5 RIANIATE
1,21E+15;30;BALIGE;30;LUMBAN GAOL;3;0;DUSUN 1
1,21E+15;30;BALIGE;30;LUMBAN GAOL;2;0;DUSUN 2
1,21E+15;30;BALIGE;30;LUMBAN GAOL;1;0;DUSUN 3
1,21E+15;30;BALIGE;31;SIBOLA HOTANGSAS;1;0;DUSUN 1
1,21E+15;30;BALIGE;31;SIBOLA HOTANGSAS;2;0;DUSUN 2
1,21E+15;30;BALIGE;31;SIBOLA HOTANGSAS;4;0;DUSUN 3
1,21E+15;30;BALIGE;31;SIBOLA HOTANGSAS;2;0;DUSUN 3
1,21E+15;30;BALIGE;31;SIBOLA HOTANGSAS;3;0;DUSUN 4
1,21E+15;30;BALIGE;32;LUMBAN BUL BUL;1;0;DUSUN 1
1,21E+15;30;BALIGE;32;LUMBAN BUL BUL;2;0;DUSUN 2
1,21E+15;30;BALIGE;32;LUMBAN BUL BUL;3;0;DUSUN 3
1,21E+15;30;BALIGE;32;LUMBAN BUL BUL;2;0;DUSUN 4
1,21E+15;30;BALIGE;33;BALIGE I;1;0;LINGKUNGAN 1
1,21E+15;30;BALIGE;33;BALIGE I;2;0;LINGKUNGAN 2
1,21E+15;30;BALIGE;33;BALIGE I;1;0;LINGKUNGAN 3
1,21E+15;30;BALIGE;33;BALIGE I;1;1;LINGKUNGAN 4
1,21E+15;30;BALIGE;34;LUMBAN DOLOK;1;2;LINGKUNGAN 1
1,21E+15;30;BALIGE;34;LUMBAN DOLOK;1;0;LINGKUNGAN 2
1,21E+15;30;BALIGE;34;LUMBAN DOLOK;2;0;LINGKUNGAN 3
1,21E+15;30;BALIGE;34;LUMBAN DOLOK;2;0;LINGKUNGAN 4
1,21E+15;30;BALIGE;34;LUMBAN DOLOK;1;0;LINGKUNGAN 5
1,21E+15;30;BALIGE;34;LUMBAN DOLOK;1;0;LINGKUNGAN 6
1,21E+15;30;BALIGE;35;LONGAT;1;0;DUSUN 1
1,21E+15;30;BALIGE;35;LONGAT;1;0;DUSUN 2
1,21E+15;30;BALIGE;37;LUMBAN SILINTONG;2;0;DUSUN 1
1,21E+15;30;BALIGE;37;LUMBAN SILINTONG;3;0;DUSUN 2
1,21E+15;30;BALIGE;37;LUMBAN SILINTONG;3;0;DUSUN 3
1,21E+15;30;BALIGE;37;LUMBAN SILINTONG;3;0;DUSUN 4
1,21E+15;30;BALIGE;38;LUMBAN PEA TIMUR;2;0;DUSUN 1
1,21E+15;30;BALIGE;38;LUMBAN PEA TIMUR;3;0;DUSUN 2
1,21E+15;30;BALIGE;38;LUMBAN PEA TIMUR;3;0;DUSUN 3
1,21E+15;30;BALIGE;38;LUMBAN PEA TIMUR;1;0;DUSUN 4
1,21E+15;30;BALIGE;39;TAMBUNAN SUNGE;2;0;DUSUN 1 SUNGE
1,21E+15;30;BALIGE;39;TAMBUNAN SUNGE;1;0;DUSUN 2 TIKKA TIKKA
1,21E+15;31;TAMPAHAN;1;TANGGA BATU BARAT;2;0;DUSUN 1
1,21E+15;31;TAMPAHAN;1;TANGGA BATU BARAT;3;0;DUSUN 2
1,21E+15;31;TAMPAHAN;1;TANGGA BATU BARAT;1;0;DUSUN 3
1,21E+15;31;TAMPAHAN;2;TANGGA BATU TIMUR;2;0;DUSUN 1
1,21E+15;31;TAMPAHAN;2;TANGGA BATU TIMUR;1;0;DUSUN 2
1,21E+15;31;TAMPAHAN;2;TANGGA BATU TIMUR;2;0;DUSUN 3
1,21E+15;31;TAMPAHAN;2;TANGGA BATU TIMUR;3;0;DUSUN 4
1,21E+15;31;TAMPAHAN;3;GURGUR AEK RAJA;2;0;DUSUN 1
1,21E+15;31;TAMPAHAN;3;GURGUR AEK RAJA;4;0;DUSUN 2
1,21E+15;31;TAMPAHAN;3;GURGUR AEK RAJA;2;0;DUSUN 3
1,21E+15;31;TAMPAHAN;3;GURGUR AEK RAJA;1;0;DUSUN 4
1,21E+15;31;TAMPAHAN;4;LINTONG NIHUTA;2;0;DUSUN 1
1,21E+15;31;TAMPAHAN;4;LINTONG NIHUTA;3;0;DUSUN 2
1,21E+15;31;TAMPAHAN;4;LINTONG NIHUTA;1;0;DUSUN 3
1,21E+15;31;TAMPAHAN;4;LINTONG NIHUTA;2;0;DUSUN 4
1,21E+15;31;TAMPAHAN;4;LINTONG NIHUTA;3;0;DUSUN 5
1,21E+15;31;TAMPAHAN;4;LINTONG NIHUTA;1;0;DUSUN 6
1,21E+15;31;TAMPAHAN;4;LINTONG NIHUTA;2;0;DUSUN 7
1,21E+15;31;TAMPAHAN;5;TARA BUNGA;1;0;DUSUN 1
1,21E+15;31;TAMPAHAN;5;TARA BUNGA;1;0;DUSUN 2
1,21E+15;31;TAMPAHAN;5;TARA BUNGA;2;0;DUSUN 3
1,21E+15;31;TAMPAHAN;5;TARA BUNGA;3;0;DUSUN 4
1,21E+15;31;TAMPAHAN;5;TARA BUNGA;2;0;DUSUN 5
1,21E+15;31;TAMPAHAN;6;M E A T;1;0;DUSUN 1
1,21E+15;31;TAMPAHAN;6;M E A T;2;0;DUSUN 2
1,21E+15;31;TAMPAHAN;6;M E A T;3;0;DUSUN 3
1,21E+15;40;LAGUBOTI;1;HAUNATAS I;1;0;DUSUN HUTAGALUNG
1,21E+15;40;LAGUBOTI;1;HAUNATAS I;2;0;DUSUN HUTABAGASAN
1,21E+15;40;LAGUBOTI;1;HAUNATAS I;3;0;DUSUN HUTA HOLBUNG
1,21E+15;40;LAGUBOTI;1;HAUNATAS I;4;0;DUSUN HUTA DAME
1,21E+15;40;LAGUBOTI;1;HAUNATAS I;5;0;DUSUN HUTA GURGUR
1,21E+15;40;LAGUBOTI;2;SINTONG MARNIPI;1;0;DUSUN LUMBAN SIBARANI
1,21E+15;40;LAGUBOTI;2;SINTONG MARNIPI;2;0;DUSUN LUMBAN SITIO TIO
1,21E+15;40;LAGUBOTI;2;SINTONG MARNIPI;3;0;DUSUN LUMBAN LAPO
1,21E+15;40;LAGUBOTI;2;SINTONG MARNIPI;4;0;DUSUN LUMBAN TUR
1,21E+15;40;LAGUBOTI;3;SIDULANG;1;0;DUSUN KOMPLEK GEREJA
1,21E+15;40;LAGUBOTI;3;SIDULANG;2;0;DUSUN PASAR SIMOTUNG
1,21E+15;40;LAGUBOTI;3;SIDULANG;3;0;DUSUN PASAR BARU
1,21E+15;40;LAGUBOTI;4;HAUNATAS II;1;0;DUSUN 1
1,21E+15;40;LAGUBOTI;4;HAUNATAS II;2;0;DUSUN 2
1,21E+15;40;LAGUBOTI;4;HAUNATAS II;3;0;DUSUN 3
1,21E+15;40;LAGUBOTI;4;HAUNATAS II;4;0;DUSUN 4
1,21E+15;40;LAGUBOTI;4;HAUNATAS II;5;0;DUSUN 5
1,21E+15;40;LAGUBOTI;5;SIBARANI NASAMPULU;1;0;DUSUN 1 SIBARANI TORUAN
1,21E+15;40;LAGUBOTI;5;SIBARANI NASAMPULU;2;0;DUSUN 2 SIBARANI DOLOK
1,21E+15;40;LAGUBOTI;5;SIBARANI NASAMPULU;3;0;DUSUN 3 SIBARANI NAMUNGKUP
1,21E+15;40;LAGUBOTI;5;SIBARANI NASAMPULU;4;0;DUSUN 4 PERUMAHAN KORPRI
1,21E+15;40;LAGUBOTI;6;SITANGKOLA;1;0;DUSUN 1
1,21E+15;40;LAGUBOTI;6;SITANGKOLA;2;0;DUSUN 2
1,21E+15;40;LAGUBOTI;6;SITANGKOLA;3;0;DUSUN 3
1,21E+15;40;LAGUBOTI;6;SITANGKOLA;4;0;DUSUN 4
1,21E+15;40;LAGUBOTI;6;SITANGKOLA;5;0;DUSUN 5
1,21E+15;40;LAGUBOTI;7;SIBUEA;1;0;DUSUN 1
1,21E+15;40;LAGUBOTI;7;SIBUEA;2;0;DUSUN 2
1,21E+15;40;LAGUBOTI;7;SIBUEA;3;0;DUSUN 3
1,21E+15;40;LAGUBOTI;7;SIBUEA;4;0;DUSUN 4
1,21E+15;40;LAGUBOTI;7;SIBUEA;5;0;DUSUN 5
1,21E+15;40;LAGUBOTI;7;SIBUEA;6;0;DUSUN 6
1,21E+15;40;LAGUBOTI;7;SIBUEA;7;0;DUSUN 7
1,21E+15;40;LAGUBOTI;8;SIMATIBUNG;1;0;DUSUN LUMBAN GORAT
1,21E+15;40;LAGUBOTI;8;SIMATIBUNG;2;0;DUSUN B GANJANG
1,21E+15;40;LAGUBOTI;8;SIMATIBUNG;3;0;DUSUN JALAN GEREJA
1,21E+15;40;LAGUBOTI;8;SIMATIBUNG;4;0;DUSUN L RIHIT
1,21E+15;40;LAGUBOTI;8;SIMATIBUNG;5;0;DUSUN G PANGUTANGAN
1,21E+15;40;LAGUBOTI;8;SIMATIBUNG;6;0;DUSUN LUMBAN HARO
1,21E+15;40;LAGUBOTI;8;SIMATIBUNG;7;0;DUSUN GOMPAR PATUAN
1,21E+15;40;LAGUBOTI;8;SIMATIBUNG;8;0;DUSUN L JIOR
1,21E+15;40;LAGUBOTI;9;PARDOMUAN NAULI;1;0;DUSUN LUMBAN RIA RIA
1,21E+15;40;LAGUBOTI;9;PARDOMUAN NAULI;2;0;DUSUN HUTATINGGI
1,21E+15;40;LAGUBOTI;9;PARDOMUAN NAULI;3;0;DUSUN LUMBAN DOLOK
1,21E+15;40;LAGUBOTI;9;PARDOMUAN NAULI;4;0;DUSUN LUMBAN HOLBUNG
1,21E+15;40;LAGUBOTI;10;UJUNG TANDUK;1;0;DUSUN TOPI AEK
1,21E+15;40;LAGUBOTI;10;UJUNG TANDUK;2;0;DUSUN SITUMORANG
1,21E+15;40;LAGUBOTI;10;UJUNG TANDUK;3;0;DUSUN SIBARANI
1,21E+15;40;LAGUBOTI;10;UJUNG TANDUK;4;0;DUSUN SINURAT
1,21E+15;40;LAGUBOTI;10;UJUNG TANDUK;5;0;DUSUN ONAN RIA
1,21E+15;40;LAGUBOTI;10;UJUNG TANDUK;6;0;DUSUN PARIK PARSOPOAN
1,21E+15;40;LAGUBOTI;10;UJUNG TANDUK;7;0;DUSUN SITINJAK BARAPANGKO
1,21E+15;40;LAGUBOTI;11;PINTU BOSI;1;0;DUSUN PASAR MELINTANG
1,21E+15;40;LAGUBOTI;11;PINTU BOSI;2;0;DUSUN LUMBAN SARO
1,21E+15;40;LAGUBOTI;11;PINTU BOSI;3;0;DUSUN HUTA GINJANG SITABO TABO
1,21E+15;40;LAGUBOTI;11;PINTU BOSI;4;0;DUSUN SOSOR DOLOK
1,21E+15;40;LAGUBOTI;11;PINTU BOSI;5;0;DUSUN LUMBAN GALA GALA
1,21E+15;40;LAGUBOTI;12;GASA RIBU;1;0;DUSUN BARAT
1,21E+15;40;LAGUBOTI;12;GASA RIBU;2;0;DUSUN TIMUR
1,21E+15;40;LAGUBOTI;13;PASAR LAGU BOTI;1;0;LINGKUNGAN 1
1,21E+15;40;LAGUBOTI;13;PASAR LAGU BOTI;2;0;LINGKUNGAN 2
1,21E+15;40;LAGUBOTI;13;PASAR LAGU BOTI;3;0;LINGKUNGAN 3
1,21E+15;40;LAGUBOTI;13;PASAR LAGU BOTI;4;0;LINGKUNGAN 4
1,21E+15;40;LAGUBOTI;14;ARUAN;1;0;DUSUN PANGASEAN
1,21E+15;40;LAGUBOTI;14;ARUAN;2;0;DUSUN GOMPAR TAHAN
1,21E+15;40;LAGUBOTI;14;ARUAN;3;0;DUSUN GOMPARSIBASAR
1,21E+15;40;LAGUBOTI;15;LUMBAN BAGASAN;1;0;DUSUN 1 LUMBAN BAGASAN DOLOK
1,21E+15;40;LAGUBOTI;15;LUMBAN BAGASAN;2;0;DUSUN 2 LUMBAN BAGASAN TORUAN
1,21E+15;40;LAGUBOTI;16;TINGGIR NIPASIR;1;0;DUSUN GOMPAR SIGURNING
1,21E+15;40;LAGUBOTI;16;TINGGIR NIPASIR;2;0;DUSUN BANUA LUHU
1,21E+15;40;LAGUBOTI;17;OMPU RAJA HUTAPEA;1;0;DUSUN SIRAJA DEANG DOLOK
1,21E+15;40;LAGUBOTI;17;OMPU RAJA HUTAPEA;2;0;DUSUN SIRAJA DEANG TORUAN
1,21E+15;40;LAGUBOTI;17;OMPU RAJA HUTAPEA;3;0;DUSUN GOMPAR HUALA
1,21E+15;40;LAGUBOTI;18;SITOLUAMA;1;0;DUSUN LUMBAN HARIARA
1,21E+15;40;LAGUBOTI;18;SITOLUAMA;2;0;DUSUN PUBALUBIS
1,21E+15;40;LAGUBOTI;18;SITOLUAMA;3;0;DUSUN GOMPAR SIMURING
1,21E+15;40;LAGUBOTI;18;SITOLUAMA;4;0;DUSUN SILALAHI
1,21E+15;40;LAGUBOTI;18;SITOLUAMA;5;0;DUSUN PATUJULU
1,21E+15;40;LAGUBOTI;18;SITOLUAMA;6;0;DUSUN PANALASA
1,21E+15;40;LAGUBOTI;18;SITOLUAMA;7;0;DUSUN PUNTUMANDA
1,21E+15;40;LAGUBOTI;19;PARDINGGARAN;1;0;DUSUN HUTA GUR-GUR
1,21E+15;40;LAGUBOTI;19;PARDINGGARAN;2;0;DUSUN PARDINGGARAN DOLOK
1,21E+15;40;LAGUBOTI;19;PARDINGGARAN;3;0;DUSUN PARDINGGARANTONGA-TONGA
1,21E+15;40;LAGUBOTI;19;PARDINGGARAN;4;0;DUSUN PARDINGGARAN TORUAN
1,21E+15;40;LAGUBOTI;20;LUMBAN BINANGA;1;0;DUSUN GOMPAR SIAHAAN
1,21E+15;40;LAGUBOTI;20;LUMBAN BINANGA;2;0;DUSUN LUMBAN SILITONGA
1,21E+15;40;LAGUBOTI;20;LUMBAN BINANGA;3;0;DUSUN GOMPAR SIAMPUDAN
1,21E+15;40;LAGUBOTI;21;SIRAJA GORAT;1;0;DUSUN 1
1,21E+15;40;LAGUBOTI;21;SIRAJA GORAT;2;0;DUSUN 2
1,21E+15;40;LAGUBOTI;21;SIRAJA GORAT;3;0;DUSUN 3
1,21E+15;40;LAGUBOTI;21;SIRAJA GORAT;4;0;DUSUN 4
1,21E+15;40;LAGUBOTI;22;OMPU RAJA HUTAPEA TIMUR;1;0;DUSUN LUMBAN BALIAN
1,21E+15;40;LAGUBOTI;22;OMPU RAJA HUTAPEA TIMUR;2;0;DUSUN LUMBAN SEWA
1,21E+15;40;LAGUBOTI;22;OMPU RAJA HUTAPEA TIMUR;3;0;DUSUN BIBIR AEK
1,21E+15;40;LAGUBOTI;22;OMPU RAJA HUTAPEA TIMUR;4;0;DUSUN SARUNG ARUNG
1,21E+15;40;LAGUBOTI;22;OMPU RAJA HUTAPEA TIMUR;5;0;DUSUN LUMBAN NABOLON
1,21E+15;40;LAGUBOTI;22;OMPU RAJA HUTAPEA TIMUR;6;0;DUSUN SIMATUPANG
1,21E+15;40;LAGUBOTI;23;OMPU RAJA HATULIAN;1;0;DUSUN 1 GOMPAR JONGGARA
1,21E+15;40;LAGUBOTI;23;OMPU RAJA HATULIAN;2;0;DUSUN AEK SIMARE
1,21E+15;40;LAGUBOTI;23;OMPU RAJA HATULIAN;3;0;DUSUN SOMARHIRHIR
1,21E+15;50;HABINSARAN;4;LUMBAN RAU BARAT;1;0;DUSUN 1
1,21E+15;50;HABINSARAN;4;LUMBAN RAU BARAT;2;0;DUSUN 2
1,21E+15;50;HABINSARAN;4;LUMBAN RAU BARAT;3;0;DUSUN 3
1,21E+15;50;HABINSARAN;4;LUMBAN RAU BARAT;4;0;DUSUN 4
1,21E+15;50;HABINSARAN;4;LUMBAN RAU BARAT;5;0;DUSUN 5
1,21E+15;50;HABINSARAN;4;LUMBAN RAU BARAT;6;0;DUSUN 6
1,21E+15;50;HABINSARAN;4;LUMBAN RAU BARAT;7;0;DUSUN 7
1,21E+15;50;HABINSARAN;4;LUMBAN RAU BARAT;8;0;DUSUN 8
1,21E+15;50;HABINSARAN;4;LUMBAN RAU BARAT;9;0;DUSUN 9
1,21E+15;50;HABINSARAN;4;LUMBAN RAU BARAT;10;0;DUSUN 10
1,21E+15;50;HABINSARAN;5;LUMBAN RAU SELATAN;1;0;DUSUN BANJAR GEREJA
1,21E+15;50;HABINSARAN;5;LUMBAN RAU SELATAN;2;0;DUSUN LOBU PINING
1,21E+15;50;HABINSARAN;9;PARSOBURAN TENGAH;1;0;LINGKUNGAN PARSANGGRAHAN
1,21E+15;50;HABINSARAN;9;PARSOBURAN TENGAH;2;0;LINGKUNGAN SIMPANG 3
1,21E+15;50;HABINSARAN;9;PARSOBURAN TENGAH;3;0;LINGKUNGAN JALAN BARU
1,21E+15;50;HABINSARAN;9;PARSOBURAN TENGAH;4;0;LINGKUNGAN DOLOK SAE
1,21E+15;50;HABINSARAN;9;PARSOBURAN TENGAH;5;0;LINGKUNGAN HUTA GORAT DOLOK
1,21E+15;50;HABINSARAN;9;PARSOBURAN TENGAH;6;0;LINGKUNGAN KOMPLEK SMP/SMA
1,21E+15;50;HABINSARAN;9;PARSOBURAN TENGAH;7;0;LINGKUNGAN PASAR 1
1,21E+15;50;HABINSARAN;9;PARSOBURAN TENGAH;8;0;LINGKUNGAN PASAR 2
1,21E+15;50;HABINSARAN;9;PARSOBURAN TENGAH;9;0;LINGKUNGAN HUTA TONGA /RT 3
1,21E+15;50;HABINSARAN;9;PARSOBURAN TENGAH;10;0;LINGKUNGAN RT 4
1,21E+15;50;HABINSARAN;9;PARSOBURAN TENGAH;11;0;LINGKUNGAN LUMBAN MATIO
1,21E+15;50;HABINSARAN;9;PARSOBURAN TENGAH;12;0;LINGKUNGAN JONGGI NIHUTA
1,21E+15;50;HABINSARAN;10;PARSOBURAN BARAT;1;0;DUSUN PONDOK BARU
1,21E+15;50;HABINSARAN;10;PARSOBURAN BARAT;2;0;DUSUN MATIO
1,21E+15;50;HABINSARAN;10;PARSOBURAN BARAT;3;0;DUSUN TUNGKO NISOLU
1,21E+15;50;HABINSARAN;10;PARSOBURAN BARAT;4;0;DUSUN PONDOK PABRIK
1,21E+15;50;HABINSARAN;11;LUMBAN BALIK;1;0;DUSUN TANAH LAPANG
1,21E+15;50;HABINSARAN;11;LUMBAN BALIK;2;0;DUSUN NAPA
1,21E+15;50;HABINSARAN;11;LUMBAN BALIK;3;0;DUSUN TAMBUNAN
1,21E+15;50;HABINSARAN;12;LUMBAN PINASA;1;0;DUSUN I PANJANG
1,21E+15;50;HABINSARAN;12;LUMBAN PINASA;2;0;DUSUN 2 GOLAT
1,21E+15;50;HABINSARAN;12;LUMBAN PINASA;3;0;DUSUN III HUTA GORAT
1,21E+15;50;HABINSARAN;12;LUMBAN PINASA;4;0;DUSUN IV HUTA TINGGI
1,21E+15;50;HABINSARAN;12;LUMBAN PINASA;5;0;DUSUN V BANJAR JULU
1,21E+15;50;HABINSARAN;12;LUMBAN PINASA;6;0;DUSUN VI BANJAR DAME
1,21E+15;50;HABINSARAN;13;PANAMPARAN;1;0;DUSUN SILIAT-LIATAN
1,21E+15;50;HABINSARAN;13;PANAMPARAN;2;0;DUSUN PANAMPARAN
1,21E+15;50;HABINSARAN;13;PANAMPARAN;3;0;DUSUN PANGASEAN
1,21E+15;50;HABINSARAN;14;LUMBAN RUHAP;1;0;DUSUN LUMBAN RUHAP
1,21E+15;50;HABINSARAN;14;LUMBAN RUHAP;2;0;DUSUN LOBU TOLONG
1,21E+15;50;HABINSARAN;14;LUMBAN RUHAP;3;0;DUSUN PAGARAN
1,21E+15;50;HABINSARAN;14;LUMBAN RUHAP;4;0;DUSUN BANGE
1,21E+15;50;HABINSARAN;14;LUMBAN RUHAP;5;0;DUSUN GALUNG
1,21E+15;50;HABINSARAN;14;LUMBAN RUHAP;6;0;DUSUN BULU DURI
1,21E+15;50;HABINSARAN;15;LUMBAN PEA;1;0;DUSUN TALUN
1,21E+15;50;HABINSARAN;15;LUMBAN PEA;2;0;DUSUN HUTA SINUSUK
1,21E+15;50;HABINSARAN;15;LUMBAN PEA;3;0;DUSUN PANGASEAN
1,21E+15;50;HABINSARAN;15;LUMBAN PEA;4;0;DUSUN RAMBA TORAS
1,21E+15;50;HABINSARAN;15;LUMBAN PEA;5;0;DUSUN PARGODUNGAN
1,21E+15;50;HABINSARAN;15;LUMBAN PEA;6;0;DUSUN BATU RARA
1,21E+15;50;HABINSARAN;15;LUMBAN PEA;7;0;DUSUN NAGURGURAN
1,21E+15;50;HABINSARAN;16;HITETANO;1;0;DUSUN HITETANO
1,21E+15;50;HABINSARAN;16;HITETANO;2;0;DUSUN LUMBAN RAMBA
1,21E+15;50;HABINSARAN;16;HITETANO;3;0;DUSUN DOLOK NAULI
1,21E+15;50;HABINSARAN;16;HITETANO;4;0;DUSUN PINASA
1,21E+15;50;HABINSARAN;16;HITETANO;5;0;DUSUN LOMBU
1,21E+15;50;HABINSARAN;18;LOBU HOLE;1;0;DUSUN 1 BANJAR DOLOK
1,21E+15;50;HABINSARAN;18;LOBU HOLE;2;0;DUSUN 2 PARBALAN
1,21E+15;50;HABINSARAN;18;LOBU HOLE;3;0;DUSUN 3 BANJAR JAE
1,21E+15;50;HABINSARAN;18;LOBU HOLE;4;0;DUSUN 4 DALAN KULI
1,21E+15;50;HABINSARAN;19;BATU NABOLON;1;0;DUSUN BATU NABOLON 1
1,21E+15;50;HABINSARAN;19;BATU NABOLON;2;0;DUSUN BATU NABOLON II
1,21E+15;50;HABINSARAN;19;BATU NABOLON;3;0;DUSUN PARLUASAN
1,21E+15;50;HABINSARAN;19;BATU NABOLON;4;0;DUSUN LUMBAN JULU
1,21E+15;50;HABINSARAN;19;BATU NABOLON;5;0;DUSUN TAPIAN NAULI
1,21E+15;50;HABINSARAN;19;BATU NABOLON;6;0;DUSUN BANJAR PANE
1,21E+15;50;HABINSARAN;19;BATU NABOLON;7;0;DUSUN HUTA BARU
1,21E+15;50;HABINSARAN;20;LUMBAN GAOL;1;0;DUSUN HUTA NADEAK
1,21E+15;50;HABINSARAN;20;LUMBAN GAOL;2;0;DUSUN HUTA BARU
1,21E+15;50;HABINSARAN;20;LUMBAN GAOL;3;0;DUSUN HUTA KODE
1,21E+15;50;HABINSARAN;20;LUMBAN GAOL;4;0;DUSUN TOR NAGANJANG
1,21E+15;50;HABINSARAN;20;LUMBAN GAOL;5;0;DUSUN HUTA SITORUS
1,21E+15;50;HABINSARAN;20;LUMBAN GAOL;6;0;DUSUN SIJOMBA
1,21E+15;50;HABINSARAN;21;TORNAGODANG;1;0;DUSUN SIBOSUR
1,21E+15;50;HABINSARAN;21;TORNAGODANG;2;0;DUSUN JALAN TOBA
1,21E+15;50;HABINSARAN;21;TORNAGODANG;3;0;DUSUN TORNAGODANG
1,21E+15;50;HABINSARAN;21;TORNAGODANG;4;0;DUSUN TORNAGODANG 1
1,21E+15;50;HABINSARAN;21;TORNAGODANG;5;0;DUSUN SOSOR
1,21E+15;50;HABINSARAN;21;TORNAGODANG;6;0;DUSUN BANJAR SILAEN
1,21E+15;50;HABINSARAN;21;TORNAGODANG;7;0;DUSUN BANJAR TONGA
1,21E+15;50;HABINSARAN;21;TORNAGODANG;8;0;DUSUN HUTA GINJANG
1,21E+15;50;HABINSARAN;21;TORNAGODANG;9;0;DUSUN SOMBA HUTA
1,21E+15;50;HABINSARAN;22;TAONMARISI;1;0;DUSUN 1
1,21E+15;50;HABINSARAN;22;TAONMARISI;2;0;DUSUN 2
1,21E+15;50;HABINSARAN;22;TAONMARISI;3;0;DUSUN 3
1,21E+15;50;HABINSARAN;23;PAGAR BATU;1;0;DUSUN PAGAR BATU 1
1,21E+15;50;HABINSARAN;23;PAGAR BATU;2;0;DUSUN PAGAR BATU II
1,21E+15;50;HABINSARAN;23;PAGAR BATU;3;0;DUSUN HUTA DAKKA
1,21E+15;50;HABINSARAN;23;PAGAR BATU;4;0;DUSUN BANJAR JULU
1,21E+15;50;HABINSARAN;23;PAGAR BATU;5;0;DUSUN LUMBAN JULU
1,21E+15;50;HABINSARAN;23;PAGAR BATU;6;0;DUSUN LBN DOLOK BARINGIN
1,21E+15;50;HABINSARAN;24;SIBUNTUON;1;0;DUSUN HUTA GODANG
1,21E+15;50;HABINSARAN;24;SIBUNTUON;2;0;DUSUN HUTA HARIARA
1,21E+15;50;HABINSARAN;24;SIBUNTUON;3;0;DUSUN HUTA IMBARU
1,21E+15;50;HABINSARAN;24;SIBUNTUON;4;0;DUSUN BANJAR BAGOT
1,21E+15;50;HABINSARAN;25;AEK ULOK;1;0;DUSUN DOLOK NAULI
1,21E+15;50;HABINSARAN;25;AEK ULOK;2;0;DUSUN BANJAR MASIN
1,21E+15;50;HABINSARAN;26;PANGUJUNGAN;1;0;DUSUN 1 BANJAR DOLOK
1,21E+15;50;HABINSARAN;26;PANGUJUNGAN;2;0;DUSUN 2 BANJAR TANJUNG
1,21E+15;50;HABINSARAN;26;PANGUJUNGAN;3;0;DUSUN 3 BANJAR HASIBUAN
1,21E+15;50;HABINSARAN;26;PANGUJUNGAN;4;0;DUSUN 4 JANJI MARIA
1,21E+15;50;HABINSARAN;26;PANGUJUNGAN;5;0;DUSUN 5 BANJAR TONGA
1,21E+15;50;HABINSARAN;26;PANGUJUNGAN;6;0;DUSUN 6 PARDOSI
1,21E+15;50;HABINSARAN;27;LUMBAN PINASA SAROHA;1;0;DUSUN BANJAR BAGOT
1,21E+15;50;HABINSARAN;27;LUMBAN PINASA SAROHA;2;0;DUSUN HUTA GODANG
1,21E+15;50;HABINSARAN;27;LUMBAN PINASA SAROHA;3;0;DUSUN SIMPANG RIBIDANG
1,21E+15;50;HABINSARAN;27;LUMBAN PINASA SAROHA;4;0;DUSUN RIBIDANG
1,21E+15;50;HABINSARAN;27;LUMBAN PINASA SAROHA;5;0;DUSUN LUMBAN DOLOK
1,21E+15;50;HABINSARAN;27;LUMBAN PINASA SAROHA;6;0;DUSUN PARIDIAN
1,21E+15;50;HABINSARAN;28;LUMBAN LINTONG;1;0;DUSUN TINGGI RAJA
1,21E+15;50;HABINSARAN;28;LUMBAN LINTONG;2;0;DUSUN LUMBAN LINTONG
1,21E+15;50;HABINSARAN;28;LUMBAN LINTONG;3;0;DUSUN HUTA TIO
1,21E+15;50;HABINSARAN;28;LUMBAN LINTONG;4;0;DUSUN AEK MARGALLO
1,21E+15;50;HABINSARAN;28;LUMBAN LINTONG;6;0;DUSUN SIDEMPUAN
1,21E+15;50;HABINSARAN;28;LUMBAN LINTONG;7;0;DUSUN PAINDOAN
1,21E+15;50;HABINSARAN;29;PARARUNGAN;1;0;DUSUN GONTING
1,21E+15;50;HABINSARAN;29;PARARUNGAN;2;0;DUSUN PARARUNGAN
1,21E+15;50;HABINSARAN;29;PARARUNGAN;3;0;DUSUN LUMBAN TALA
1,21E+15;51;BORBOR;1;PANGURURAN;1;0;DUSUN 1
1,21E+15;51;BORBOR;1;PANGURURAN;2;0;DUSUN 2
1,21E+15;51;BORBOR;1;PANGURURAN;3;0;DUSUN 3
1,21E+15;51;BORBOR;1;PANGURURAN;4;0;DUSUN 4
1,21E+15;51;BORBOR;1;PANGURURAN;5;0;DUSUN 5
1,21E+15;51;BORBOR;2;PARDOMUAN NAULI;1;0;DUSUN 1
1,21E+15;51;BORBOR;2;PARDOMUAN NAULI;2;0;DUSUN 2
1,21E+15;51;BORBOR;2;PARDOMUAN NAULI;3;0;DUSUN 3
1,21E+15;51;BORBOR;2;PARDOMUAN NAULI;4;0;DUSUN 4
1,21E+15;51;BORBOR;3;LINTONG;1;0;DUSUN 1
1,21E+15;51;BORBOR;3;LINTONG;2;0;DUSUN 2
1,21E+15;51;BORBOR;3;LINTONG;3;0;DUSUN 3
1,21E+15;51;BORBOR;4;NATUMINGKA;1;0;DUSUN 1
1,21E+15;51;BORBOR;4;NATUMINGKA;2;0;DUSUN 2
1,21E+15;51;BORBOR;4;NATUMINGKA;3;0;DUSUN 3
1,21E+15;51;BORBOR;4;NATUMINGKA;4;0;DUSUN 4
1,21E+15;51;BORBOR;5;RIANIATE;1;0;DUSUN 1
1,21E+15;51;BORBOR;5;RIANIATE;2;0;DUSUN 2
1,21E+15;51;BORBOR;5;RIANIATE;3;0;DUSUN 3
1,21E+15;51;BORBOR;5;RIANIATE;4;0;DUSUN 4
1,21E+15;51;BORBOR;5;RIANIATE;5;0;DUSUN 5
1,21E+15;51;BORBOR;5;RIANIATE;6;0;DUSUN 6
1,21E+15;51;BORBOR;5;RIANIATE;7;0;DUSUN 7
1,21E+15;51;BORBOR;6;AEK UNSIN;1;0;DUSUN BANJAR TONGA
1,21E+15;51;BORBOR;6;AEK UNSIN;2;0;DUSUN BANJAR DOLOK TUA
1,21E+15;51;BORBOR;6;AEK UNSIN;3;0;DUSUN BANJAR PARDEDE
1,21E+15;51;BORBOR;6;AEK UNSIN;4;0;DUSUN LUMBAN ATAS
1,21E+15;51;BORBOR;6;AEK UNSIN;5;0;DUSUN PARLUASAN
1,21E+15;51;BORBOR;7;PURBA TUA;1;0;DUSUN 1
1,21E+15;51;BORBOR;7;PURBA TUA;2;0;DUSUN 2
1,21E+15;51;BORBOR;7;PURBA TUA;3;0;DUSUN 3
1,21E+15;51;BORBOR;7;PURBA TUA;4;0;DUSUN 4
1,21E+15;51;BORBOR;7;PURBA TUA;5;0;DUSUN 5
1,21E+15;51;BORBOR;7;PURBA TUA;6;0;DUSUN 6
1,21E+15;51;BORBOR;7;PURBA TUA;7;0;DUSUN 7
1,21E+15;51;BORBOR;8;JANJI MARIA;1;0;DUSUN 1
1,21E+15;51;BORBOR;8;JANJI MARIA;2;0;DUSUN 2
1,21E+15;51;BORBOR;8;JANJI MARIA;3;0;DUSUN 3
1,21E+15;51;BORBOR;8;JANJI MARIA;4;0;DUSUN 4
1,21E+15;51;BORBOR;9;PANGURURAN II;1;0;DUSUN 1
1,21E+15;51;BORBOR;9;PANGURURAN II;2;0;DUSUN 2
1,21E+15;51;BORBOR;9;PANGURURAN II;3;0;DUSUN 3
1,21E+15;51;BORBOR;10;PANGURURAN III;1;0;DUSUN 1
1,21E+15;51;BORBOR;10;PANGURURAN III;2;0;DUSUN 2
1,21E+15;51;BORBOR;10;PANGURURAN III;3;0;DUSUN 3
1,21E+15;51;BORBOR;10;PANGURURAN III;4;0;DUSUN 4
1,21E+15;51;BORBOR;11;RIGANJANG;1;0;DUSUN 1
1,21E+15;51;BORBOR;11;RIGANJANG;2;0;DUSUN 2
1,21E+15;51;BORBOR;11;RIGANJANG;3;0;DUSUN 3
1,21E+15;51;BORBOR;12;PASAR BORBOR;1;0;DUSUN 1
1,21E+15;51;BORBOR;12;PASAR BORBOR;2;0;DUSUN 2
1,21E+15;51;BORBOR;12;PASAR BORBOR;3;0;DUSUN 3
1,21E+15;51;BORBOR;13;LUMBAN SEWA;1;0;DUSUN 1
1,21E+15;51;BORBOR;13;LUMBAN SEWA;2;0;DUSUN 2
1,21E+15;51;BORBOR;13;LUMBAN SEWA;3;0;DUSUN 3
1,21E+15;51;BORBOR;14;HUTA GURGUR;1;0;DUSUN 1
1,21E+15;51;BORBOR;14;HUTA GURGUR;2;0;DUSUN 2
1,21E+15;51;BORBOR;14;HUTA GURGUR;3;0;DUSUN 3
1,21E+15;51;BORBOR;14;HUTA GURGUR;4;0;DUSUN 4
1,21E+15;51;BORBOR;14;HUTA GURGUR;5;0;DUSUN 5
1,21E+15;51;BORBOR;14;HUTA GURGUR;6;0;DUSUN 6
1,21E+15;51;BORBOR;14;HUTA GURGUR;7;0;DUSUN 7
1,21E+15;51;BORBOR;15;SIMARE;1;0;DUSUN 1
1,21E+15;51;BORBOR;15;SIMARE;2;0;DUSUN 2
1,21E+15;51;BORBOR;15;SIMARE;3;0;DUSUN 3
1,21E+15;51;BORBOR;15;SIMARE;4;0;DUSUN 4
1,21E+15;52;NASSAU;1;LUMBAN RAU TENGAH;1;0;DUSUN NASSAU
1,21E+15;52;NASSAU;1;LUMBAN RAU TENGAH;2;0;DUSUN PATTIL
1,21E+15;52;NASSAU;1;LUMBAN RAU TENGAH;3;0;DUSUN SIGALAGALA
1,21E+15;52;NASSAU;2;LUMBAN RAU TIMUR;1;0;DUSUN PAGAR GUNUNG
1,21E+15;52;NASSAU;2;LUMBAN RAU TIMUR;2;0;DUSUN NAPAJULU
1,21E+15;52;NASSAU;2;LUMBAN RAU TIMUR;3;0;DUSUN BATU SANDAR
1,21E+15;52;NASSAU;2;LUMBAN RAU TIMUR;4;0;DUSUN SIBANING
1,21E+15;52;NASSAU;3;LUMBAN RAU UTARA;1;0;DUSUN PARLUASAN
1,21E+15;52;NASSAU;3;LUMBAN RAU UTARA;2;0;DUSUN SIBARANI
1,21E+15;52;NASSAU;3;LUMBAN RAU UTARA;3;0;DUSUN SINGKAMJULU
1,21E+15;52;NASSAU;3;LUMBAN RAU UTARA;4;0;DUSUN JANJI
1,21E+15;52;NASSAU;4;NAPAJORING;1;0;DUSUN 1
1,21E+15;52;NASSAU;4;NAPAJORING;2;0;DUSUN 2
1,21E+15;52;NASSAU;4;NAPAJORING;3;0;DUSUN 3
1,21E+15;52;NASSAU;5;SIPAGABU;1;0;DUSUN SIGAOL
1,21E+15;52;NASSAU;5;SIPAGABU;2;0;DUSUN PAMARATAN
1,21E+15;52;NASSAU;5;SIPAGABU;3;0;DUSUN SIPAGABU
1,21E+15;52;NASSAU;5;SIPAGABU;4;0;DUSUN LUMBAN MATIO
1,21E+15;52;NASSAU;6;LIAT TONDUNG;1;0;DUSUN HUTAGODANG
1,21E+15;52;NASSAU;6;LIAT TONDUNG;2;0;DUSUN RAMBUTAN
1,21E+15;52;NASSAU;6;LIAT TONDUNG;3;0;DUSUN PONDIA
1,21E+15;52;NASSAU;6;LIAT TONDUNG;4;0;DUSUN SIBODAT
1,21E+15;52;NASSAU;7;BATU MANUMPAK;1;0;DUSUN 1 SIMANINGGIR
1,21E+15;52;NASSAU;7;BATU MANUMPAK;2;0;DUSUN 2 BATUMANUMPAK 2
1,21E+15;52;NASSAU;7;BATU MANUMPAK;3;0;DUSUN 3 MATU MANUMPAK 3
1,21E+15;52;NASSAU;7;BATU MANUMPAK;4;0;DUSUN 4 BATUMANUMPAK 1
1,21E+15;52;NASSAU;7;BATU MANUMPAK;5;0;DUSUN 5 PARRONGGANGAN
1,21E+15;52;NASSAU;7;BATU MANUMPAK;6;0;DUSUN 6 PANDUMAAN
1,21E+15;52;NASSAU;8;LUMBAN RAU TENGGARA;1;0;DUSUN SIMANALESE
1,21E+15;52;NASSAU;8;LUMBAN RAU TENGGARA;2;0;DUSUN SITARAK
1,21E+15;52;NASSAU;8;LUMBAN RAU TENGGARA;3;0;DUSUN SIJUNGKAT
1,21E+15;52;NASSAU;9;CINTA DAMAI;1;0;DUSUN HASANG
1,21E+15;52;NASSAU;9;CINTA DAMAI;2;0;DUSUN SIPANGE
1,21E+15;52;NASSAU;10;SIANTARASA;1;0;DUSUN SIPULTAK
1,21E+15;52;NASSAU;10;SIANTARASA;2;0;DUSUN HARILOGOAN
1,21E+15;52;NASSAU;10;SIANTARASA;3;0;DUSUN SIANTARASA
1,21E+15;60;SILAEN;1;PINTU BATU;1;0;DUSUN 1
1,21E+15;60;SILAEN;1;PINTU BATU;2;0;DUSUN 2
1,21E+15;60;SILAEN;1;PINTU BATU;3;0;DUSUN 3
1,21E+15;60;SILAEN;1;PINTU BATU;4;0;DUSUN 4
1,21E+15;60;SILAEN;1;PINTU BATU;5;0;DUSUN 5
1,21E+15;60;SILAEN;1;PINTU BATU;6;0;DUSUN 6
1,21E+15;60;SILAEN;2;PARDOMUAN;1;0;DUSUN 1
1,21E+15;60;SILAEN;2;PARDOMUAN;2;0;DUSUN 2
1,21E+15;60;SILAEN;2;PARDOMUAN;3;0;DUSUN 3
1,21E+15;60;SILAEN;2;PARDOMUAN;4;0;DUSUN 4
1,21E+15;60;SILAEN;3;OMBUR;1;0;DUSUN 1
1,21E+15;60;SILAEN;3;OMBUR;2;0;DUSUN 2
1,21E+15;60;SILAEN;3;OMBUR;3;0;DUSUN 3
1,21E+15;60;SILAEN;3;OMBUR;4;0;DUSUN 4
1,21E+15;60;SILAEN;4;PARSAMBILAN;1;0;DUSUN 1
1,21E+15;60;SILAEN;4;PARSAMBILAN;2;0;DUSUN 2
1,21E+15;60;SILAEN;4;PARSAMBILAN;3;0;DUSUN 3
1,21E+15;60;SILAEN;4;PARSAMBILAN;4;0;DUSUN 4
1,21E+15;60;SILAEN;4;PARSAMBILAN;5;0;DUSUN 5
1,21E+15;60;SILAEN;5;SIGODANG TUA;1;0;DUSUN 1
1,21E+15;60;SILAEN;5;SIGODANG TUA;2;0;DUSUN 2
1,21E+15;60;SILAEN;5;SIGODANG TUA;3;0;DUSUN 3
1,21E+15;60;SILAEN;6;SINTA DAME;1;0;DUSUN 1
1,21E+15;60;SILAEN;6;SINTA DAME;2;0;DUSUN 2
1,21E+15;60;SILAEN;7;NATOLUTALI;1;0;DUSUN 1
1,21E+15;60;SILAEN;7;NATOLUTALI;2;0;DUSUN 2
1,21E+15;60;SILAEN;7;NATOLUTALI;3;0;DUSUN 3
1,21E+15;60;SILAEN;8;DALIHAN NATOLU;1;0;DUSUN 1
1,21E+15;60;SILAEN;8;DALIHAN NATOLU;2;0;DUSUN 2
1,21E+15;60;SILAEN;8;DALIHAN NATOLU;3;0;DUSUN 3
1,21E+15;60;SILAEN;8;DALIHAN NATOLU;4;0;DUSUN 4
1,21E+15;60;SILAEN;9;HUTA GURGUR II;1;0;DUSUN 1
1,21E+15;60;SILAEN;9;HUTA GURGUR II;2;0;DUSUN 2
1,21E+15;60;SILAEN;9;HUTA GURGUR II;3;0;DUSUN 3
1,21E+15;60;SILAEN;10;HUTA GURGUR I;1;0;DUSUN 1
1,21E+15;60;SILAEN;10;HUTA GURGUR I;2;0;DUSUN 2
1,21E+15;60;SILAEN;10;HUTA GURGUR I;3;0;DUSUN 3
1,21E+15;60;SILAEN;11;SITORANG I;1;0;DUSUN 1
1,21E+15;60;SILAEN;11;SITORANG I;2;0;DUSUN 2
1,21E+15;60;SILAEN;11;SITORANG I;3;0;DUSUN 3
1,21E+15;60;SILAEN;11;SITORANG I;4;0;DUSUN 4
1,21E+15;60;SILAEN;11;SITORANG I;5;0;DUSUN 5
1,21E+15;60;SILAEN;12;HUTA NAMORA;1;0;DUSUN 1
1,21E+15;60;SILAEN;12;HUTA NAMORA;2;0;DUSUN 2
1,21E+15;60;SILAEN;12;HUTA NAMORA;3;0;DUSUN 3
1,21E+15;60;SILAEN;12;HUTA NAMORA;4;0;DUSUN 4
1,21E+15;60;SILAEN;12;HUTA NAMORA;5;0;DUSUN 5
1,21E+15;60;SILAEN;21;SILAEN;1;0;DUSUN 4
1,21E+15;60;SILAEN;21;SILAEN;2;0;DUSUN 1
1,21E+15;60;SILAEN;21;SILAEN;3;0;DUSUN 2
1,21E+15;60;SILAEN;21;SILAEN;4;0;DUSUN 3
1,21E+15;60;SILAEN;22;LUMBAN DOLOK;1;0;DUSUN 1
1,21E+15;60;SILAEN;22;LUMBAN DOLOK;2;0;DUSUN 2
1,21E+15;60;SILAEN;22;LUMBAN DOLOK;3;0;DUSUN 3
1,21E+15;60;SILAEN;22;LUMBAN DOLOK;4;0;DUSUN 4
1,21E+15;60;SILAEN;23;NAPITUPULU;1;0;DUSUN 1
1,21E+15;60;SILAEN;23;NAPITUPULU;2;0;DUSUN 2
1,21E+15;60;SILAEN;23;NAPITUPULU;3;0;DUSUN 3
1,21E+15;60;SILAEN;23;NAPITUPULU;4;0;DUSUN 4
1,21E+15;60;SILAEN;24;HUTAGAOL SIHUJUR;1;0;DUSUN 1
1,21E+15;60;SILAEN;24;HUTAGAOL SIHUJUR;2;0;DUSUN 2
1,21E+15;60;SILAEN;24;HUTAGAOL SIHUJUR;3;0;DUSUN 3
1,21E+15;60;SILAEN;25;SIBIDE BARAT;1;0;DUSUN 1
1,21E+15;60;SILAEN;25;SIBIDE BARAT;2;0;DUSUN 2
1,21E+15;60;SILAEN;25;SIBIDE BARAT;3;0;DUSUN 3
1,21E+15;60;SILAEN;25;SIBIDE BARAT;4;0;DUSUN 4
1,21E+15;60;SILAEN;26;SIBIDE;1;0;DUSUN SITONGGI TONGGI
1,21E+15;60;SILAEN;26;SIBIDE;2;0;DUSUN PARPATIHAN
1,21E+15;60;SILAEN;26;SIBIDE;3;0;DUSUN SIBIDE TENGAH
1,21E+15;60;SILAEN;26;SIBIDE;4;0;DUSUN LUMBAN BOROTAN
1,21E+15;60;SILAEN;27;MERANTI BARAT;1;0;DUSUN 1
1,21E+15;60;SILAEN;27;MERANTI BARAT;2;0;DUSUN 2
1,21E+15;60;SILAEN;27;MERANTI BARAT;3;0;DUSUN 3
1,21E+15;60;SILAEN;28;SIMANOBAK;1;0;DUSUN 1
1,21E+15;60;SILAEN;28;SIMANOBAK;2;0;DUSUN 2
1,21E+15;60;SILAEN;28;SIMANOBAK;3;0;DUSUN 3
1,21E+15;60;SILAEN;29;MARBULANG;1;0;DUSUN 1
1,21E+15;60;SILAEN;29;MARBULANG;2;0;DUSUN 2
1,21E+15;60;SILAEN;30;SIRINGKIRON;1;0;DUSUN 1 SIRINGKIRON
1,21E+15;60;SILAEN;30;SIRINGKIRON;2;0;DUSUN 2 PALABA
1,21E+15;60;SILAEN;30;SIRINGKIRON;3;0;DUSUN 3 GONTING
1,21E+15;60;SILAEN;31;PANINDII;1;0;DUSUN 1
1,21E+15;60;SILAEN;31;PANINDII;2;0;DUSUN 2
1,21E+15;60;SILAEN;31;PANINDII;3;0;DUSUN 3
1,21E+15;61;SIGUMPAR;1;SIGUMPAR DANGSINA;1;0;LINGKUNGAN 1
1,21E+15;61;SIGUMPAR;1;SIGUMPAR DANGSINA;2;0;LINGKUNGAN 2
1,21E+15;61;SIGUMPAR;1;SIGUMPAR DANGSINA;3;0;LINGKUNGAN 3
1,21E+15;61;SIGUMPAR;1;SIGUMPAR DANGSINA;4;0;LINGKUNGAN 4
1,21E+15;61;SIGUMPAR;2;DOLOK JIOR;1;0;DUSUN 1
1,21E+15;61;SIGUMPAR;2;DOLOK JIOR;2;0;DUSUN 2
1,21E+15;61;SIGUMPAR;2;DOLOK JIOR;3;0;DUSUN 3
1,21E+15;61;SIGUMPAR;3;SIGUMPAR;1;0;DUSUN 1
1,21E+15;61;SIGUMPAR;3;SIGUMPAR;2;0;DUSUN 2
1,21E+15;61;SIGUMPAR;3;SIGUMPAR;3;0;DUSUN 3
1,21E+15;61;SIGUMPAR;3;SIGUMPAR;4;0;DUSUN 4
1,21E+15;61;SIGUMPAR;3;SIGUMPAR;5;0;DUSUN 5
1,21E+15;61;SIGUMPAR;4;SIGUMPAR JULU;1;0;DUSUN 1
1,21E+15;61;SIGUMPAR;4;SIGUMPAR JULU;2;0;DUSUN 2
1,21E+15;61;SIGUMPAR;4;SIGUMPAR JULU;3;0;DUSUN 3
1,21E+15;61;SIGUMPAR;5;MAJU;1;0;DUSUN 1
1,21E+15;61;SIGUMPAR;5;MAJU;2;0;DUSUN 2
1,21E+15;61;SIGUMPAR;5;MAJU;3;0;DUSUN 3
1,21E+15;61;SIGUMPAR;5;MAJU;4;0;DUSUN 4
1,21E+15;61;SIGUMPAR;6;MARSANGAP;1;0;DUSUN 1
1,21E+15;61;SIGUMPAR;6;MARSANGAP;2;0;DUSUN 2
1,21E+15;61;SIGUMPAR;6;MARSANGAP;3;0;DUSUN 3
1,21E+15;61;SIGUMPAR;6;MARSANGAP;4;0;DUSUN 4
1,21E+15;61;SIGUMPAR;7;NAULI;1;0;DUSUN 1 SIAHAAN TORUAN
1,21E+15;61;SIGUMPAR;7;NAULI;2;0;DUSUN 2 SIAHAAN DOLOK
1,21E+15;61;SIGUMPAR;7;NAULI;3;0;DUSUN 3 BARITABALI
1,21E+15;61;SIGUMPAR;7;NAULI;4;0;DUSUN 4 LUMBAN PANJAITAN
1,21E+15;61;SIGUMPAR;7;NAULI;5;0;DUSUN 5 GOMPAR TANDUK
1,21E+15;61;SIGUMPAR;7;NAULI;6;0;DUSUN 6 LUMBAN NATIHAR
1,21E+15;61;SIGUMPAR;7;NAULI;7;0;DUSUN 7 BARITABALI DATU HORBO
1,21E+15;61;SIGUMPAR;8;SITUA-TUA;1;0;DUSUN 2
1,21E+15;61;SIGUMPAR;8;SITUA-TUA;2;0;DUSUN 1
1,21E+15;61;SIGUMPAR;8;SITUA-TUA;3;0;DUSUN 3
1,21E+15;61;SIGUMPAR;9;SIGUMPAR BARAT;1;0;DUSUN 1
1,21E+15;61;SIGUMPAR;9;SIGUMPAR BARAT;2;0;DUSUN 2
1,21E+15;61;SIGUMPAR;9;SIGUMPAR BARAT;3;0;DUSUN 3
1,21E+15;61;SIGUMPAR;10;BANUA HUTA;1;0;DUSUN 1
1,21E+15;61;SIGUMPAR;10;BANUA HUTA;2;0;DUSUN 2
1,21E+15;61;SIGUMPAR;10;BANUA HUTA;3;0;DUSUN 3
1,21E+15;70;PORSEA;10;PARPAREAN I;1;0;DUSUN 1
1,21E+15;70;PORSEA;10;PARPAREAN I;2;0;DUSUN 2
1,21E+15;70;PORSEA;10;PARPAREAN I;3;0;DUSUN 3
1,21E+15;70;PORSEA;11;PARPAREAN II;1;0;DUSUN 1
1,21E+15;70;PORSEA;11;PARPAREAN II;2;0;DUSUN 2
1,21E+15;70;PORSEA;12;PARPAREAN III;1;0;LINGKUNGAN 1
1,21E+15;70;PORSEA;12;PARPAREAN III;2;0;LINGKUNGAN 2
1,21E+15;70;PORSEA;12;PARPAREAN III;3;0;LINGKUNGAN 3
1,21E+15;70;PORSEA;13;PARPAREAN IV;1;0;DUSUN 1
1,21E+15;70;PORSEA;13;PARPAREAN IV;2;0;DUSUN 2
1,21E+15;70;PORSEA;13;PARPAREAN IV;3;0;DUSUN 3
1,21E+15;70;PORSEA;14;GALA GALA PANGKAILAN;1;0;DUSUN 1
1,21E+15;70;PORSEA;14;GALA GALA PANGKAILAN;2;0;DUSUN 2
1,21E+15;70;PORSEA;26;PASAR PORSEA;1;0;LINGKUNGAN 1
1,21E+15;70;PORSEA;26;PASAR PORSEA;2;0;LINGKUNGAN 2
1,21E+15;70;PORSEA;26;PASAR PORSEA;3;0;LINGKUNGAN 3
1,21E+15;70;PORSEA;26;PASAR PORSEA;4;0;LINGKUNGAN 4
1,21E+15;70;PORSEA;27;PATANE III;1;0;LINGKUNGAN 1
1,21E+15;70;PORSEA;27;PATANE III;2;0;LINGKUNGAN 2
1,21E+15;70;PORSEA;27;PATANE III;3;0;LINGKUNGAN 3
1,21E+15;70;PORSEA;28;PATANE IV;1;0;DUSUN 1
1,21E+15;70;PORSEA;28;PATANE IV;2;0;DUSUN 2
1,21E+15;70;PORSEA;28;PATANE IV;3;0;DUSUN 3
1,21E+15;70;PORSEA;29;PATANE II;1;0;DUSUN 1
1,21E+15;70;PORSEA;29;PATANE II;2;0;DUSUN 2
1,21E+15;70;PORSEA;29;PATANE II;3;0;DUSUN 3
1,21E+15;70;PORSEA;30;PATANE I;1;0;DUSUN 1
1,21E+15;70;PORSEA;30;PATANE I;2;0;DUSUN 2
1,21E+15;70;PORSEA;30;PATANE I;3;0;DUSUN 3
1,21E+15;70;PORSEA;32;AMBORGANG;1;0;DUSUN 1
1,21E+15;70;PORSEA;32;AMBORGANG;2;0;DUSUN 2
1,21E+15;70;PORSEA;32;AMBORGANG;3;0;DUSUN 3
1,21E+15;70;PORSEA;33;NALELA;1;0;DUSUN 1
1,21E+15;70;PORSEA;33;NALELA;2;0;DUSUN 2
1,21E+15;70;PORSEA;33;NALELA;3;0;DUSUN 3
1,21E+15;70;PORSEA;34;SILAMOSIK I;1;0;DUSUN 1
1,21E+15;70;PORSEA;34;SILAMOSIK I;2;0;DUSUN 2
1,21E+15;70;PORSEA;34;SILAMOSIK I;3;0;DUSUN 3
1,21E+15;70;PORSEA;37;LUMBAN GURNING;1;0;DUSUN 1
1,21E+15;70;PORSEA;37;LUMBAN GURNING;2;0;DUSUN 2
1,21E+15;70;PORSEA;37;LUMBAN GURNING;3;0;DUSUN 3
1,21E+15;70;PORSEA;38;PATANE V;1;0;DUSUN 1
1,21E+15;70;PORSEA;38;PATANE V;2;0;DUSUN 2
1,21E+15;70;PORSEA;38;PATANE V;3;0;DUSUN 3
1,21E+15;70;PORSEA;39;RAUT BOSI;1;0;DUSUN 1
1,21E+15;70;PORSEA;39;RAUT BOSI;2;0;DUSUN 2
1,21E+15;70;PORSEA;40;SIMPANG SIGURAGURA;1;0;DUSUN 1
1,21E+15;70;PORSEA;40;SIMPANG SIGURAGURA;2;0;DUSUN 2
1,21E+15;70;PORSEA;40;SIMPANG SIGURAGURA;3;0;DUSUN 3
1,21E+15;71;PINTU POHAN MERANTI;1;AMBAR HALIM;1;0;DUSUN 1
1,21E+15;71;PINTU POHAN MERANTI;1;AMBAR HALIM;2;0;DUSUN 2
1,21E+15;71;PINTU POHAN MERANTI;1;AMBAR HALIM;3;0;DUSUN 3
1,21E+15;71;PINTU POHAN MERANTI;2;PINTU POHAN DOLOK;1;0;DUSUN 1
1,21E+15;71;PINTU POHAN MERANTI;2;PINTU POHAN DOLOK;2;0;DUSUN 2
1,21E+15;71;PINTU POHAN MERANTI;3;PINTU POHAN PASAR;1;0;DUSUN 1
1,21E+15;71;PINTU POHAN MERANTI;3;PINTU POHAN PASAR;2;0;DUSUN 2
1,21E+15;71;PINTU POHAN MERANTI;3;PINTU POHAN PASAR;3;0;DUSUN 3
1,21E+15;71;PINTU POHAN MERANTI;3;PINTU POHAN PASAR;4;0;DUSUN 4
1,21E+15;71;PINTU POHAN MERANTI;4;HALADO;1;0;DUSUN 1
1,21E+15;71;PINTU POHAN MERANTI;4;HALADO;2;0;DUSUN 2
1,21E+15;71;PINTU POHAN MERANTI;4;HALADO;3;0;DUSUN 3
1,21E+15;71;PINTU POHAN MERANTI;8;MERANTI TIMUR;1;0;DUSUN 1
1,21E+15;71;PINTU POHAN MERANTI;8;MERANTI TIMUR;2;0;DUSUN 2
1,21E+15;71;PINTU POHAN MERANTI;8;MERANTI TIMUR;3;0;DUSUN 3
1,21E+15;71;PINTU POHAN MERANTI;8;MERANTI TIMUR;4;0;DUSUN 4
1,21E+15;71;PINTU POHAN MERANTI;8;MERANTI TIMUR;5;0;DUSUN 5
1,21E+15;71;PINTU POHAN MERANTI;8;MERANTI TIMUR;6;0;DUSUN 6
1,21E+15;71;PINTU POHAN MERANTI;9;MERANTI TENGAH;1;0;DUSUN 1
1,21E+15;71;PINTU POHAN MERANTI;9;MERANTI TENGAH;2;0;DUSUN 2
1,21E+15;71;PINTU POHAN MERANTI;9;MERANTI TENGAH;3;0;DUSUN 3
1,21E+15;71;PINTU POHAN MERANTI;9;MERANTI TENGAH;4;0;DUSUN 4
1,21E+15;71;PINTU POHAN MERANTI;9;MERANTI TENGAH;5;0;DUSUN 5
1,21E+15;71;PINTU POHAN MERANTI;10;MERANTI UTARA;1;0;DUSUN 1
1,21E+15;71;PINTU POHAN MERANTI;10;MERANTI UTARA;2;0;DUSUN 2
1,21E+15;71;PINTU POHAN MERANTI;10;MERANTI UTARA;3;0;DUSUN 3
1,21E+15;71;PINTU POHAN MERANTI;10;MERANTI UTARA;4;0;DUSUN 4
1,21E+15;71;PINTU POHAN MERANTI;10;MERANTI UTARA;5;0;DUSUN 5
1,21E+15;71;PINTU POHAN MERANTI;10;MERANTI UTARA;6;0;DUSUN 6
1,21E+15;72;SIANTAR NARUMONDA;1;NARUMONDA V;1;0;DUSUN 1
1,21E+15;72;SIANTAR NARUMONDA;1;NARUMONDA V;2;0;DUSUN 2
1,21E+15;72;SIANTAR NARUMONDA;1;NARUMONDA V;3;0;DUSUN 3
1,21E+15;72;SIANTAR NARUMONDA;2;NARUMONDA VI;1;0;DUSUN 1
1,21E+15;72;SIANTAR NARUMONDA;2;NARUMONDA VI;2;0;DUSUN 2
1,21E+15;72;SIANTAR NARUMONDA;2;NARUMONDA VI;3;0;DUSUN 3
1,21E+15;72;SIANTAR NARUMONDA;3;NARUMONDA VII;1;0;DUSUN 1
1,21E+15;72;SIANTAR NARUMONDA;3;NARUMONDA VII;2;0;DUSUN 2
1,21E+15;72;SIANTAR NARUMONDA;3;NARUMONDA VII;3;0;DUSUN 3
1,21E+15;72;SIANTAR NARUMONDA;4;NARUMONDA VIII;1;0;DUSUN 1
1,21E+15;72;SIANTAR NARUMONDA;4;NARUMONDA VIII;2;0;DUSUN 2
1,21E+15;72;SIANTAR NARUMONDA;4;NARUMONDA VIII;3;0;DUSUN 3
1,21E+15;72;SIANTAR NARUMONDA;5;SIANTAR SITIOTIO;1;0;DUSUN 1
1,21E+15;72;SIANTAR NARUMONDA;5;SIANTAR SITIOTIO;2;0;DUSUN 2
1,21E+15;72;SIANTAR NARUMONDA;6;NARUMONDA I;1;0;DUSUN 1
1,21E+15;72;SIANTAR NARUMONDA;6;NARUMONDA I;2;0;DUSUN 2
1,21E+15;72;SIANTAR NARUMONDA;6;NARUMONDA I;3;0;DUSUN 3
1,21E+15;72;SIANTAR NARUMONDA;7;NARUMONDA II;1;0;DUSUN 1
1,21E+15;72;SIANTAR NARUMONDA;7;NARUMONDA II;2;0;DUSUN 2
1,21E+15;72;SIANTAR NARUMONDA;7;NARUMONDA II;3;0;DUSUN 3
1,21E+15;72;SIANTAR NARUMONDA;8;NARUMONDA III;1;0;DUSUN 1
1,21E+15;72;SIANTAR NARUMONDA;8;NARUMONDA III;2;0;DUSUN 2
1,21E+15;72;SIANTAR NARUMONDA;8;NARUMONDA III;3;0;DUSUN 3
1,21E+15;72;SIANTAR NARUMONDA;9;NARUMONDA IV;1;0;DUSUN 1
1,21E+15;72;SIANTAR NARUMONDA;9;NARUMONDA IV;2;0;DUSUN 2
1,21E+15;72;SIANTAR NARUMONDA;9;NARUMONDA IV;3;0;DUSUN 3
1,21E+15;72;SIANTAR NARUMONDA;10;SIANTAR TONGA TONGA II;1;0;DUSUN 1
1,21E+15;72;SIANTAR NARUMONDA;10;SIANTAR TONGA TONGA II;2;0;DUSUN 2
1,21E+15;72;SIANTAR NARUMONDA;10;SIANTAR TONGA TONGA II;3;0;DUSUN 3
1,21E+15;72;SIANTAR NARUMONDA;11;SIANTAR DANGSINA;1;0;DUSUN 1
1,21E+15;72;SIANTAR NARUMONDA;11;SIANTAR DANGSINA;2;0;DUSUN 2
1,21E+15;72;SIANTAR NARUMONDA;11;SIANTAR DANGSINA;3;0;DUSUN 3
1,21E+15;72;SIANTAR NARUMONDA;12;SIANTAR TONGA TONGA I;1;0;DUSUN 1
1,21E+15;72;SIANTAR NARUMONDA;12;SIANTAR TONGA TONGA I;2;0;DUSUN 2
1,21E+15;72;SIANTAR NARUMONDA;12;SIANTAR TONGA TONGA I;3;0;DUSUN 3
1,21E+15;72;SIANTAR NARUMONDA;13;SIANTAR SIGORDANG;1;0;DUSUN 1
1,21E+15;72;SIANTAR NARUMONDA;13;SIANTAR SIGORDANG;2;0;DUSUN 2
1,21E+15;72;SIANTAR NARUMONDA;14;SIANTAR TONGA TONGA III;1;0;DUSUN 1
1,21E+15;72;SIANTAR NARUMONDA;14;SIANTAR TONGA TONGA III;2;0;DUSUN 2
1,21E+15;72;SIANTAR NARUMONDA;14;SIANTAR TONGA TONGA III;3;0;DUSUN 3
1,21E+15;73;PARMAKSIAN;1;SIANTAR UTARA;1;0;DUSUN 1
1,21E+15;73;PARMAKSIAN;1;SIANTAR UTARA;2;0;DUSUN 2
1,21E+15;73;PARMAKSIAN;1;SIANTAR UTARA;3;0;DUSUN 3
1,21E+15;73;PARMAKSIAN;2;DOLOK NAULI;1;0;DUSUN 1
1,21E+15;73;PARMAKSIAN;2;DOLOK NAULI;2;0;DUSUN 2
1,21E+15;73;PARMAKSIAN;3;JONGGI MANULUS;1;0;DUSUN 1
1,21E+15;73;PARMAKSIAN;3;JONGGI MANULUS;2;0;DUSUN 2
1,21E+15;73;PARMAKSIAN;4;BANJAR GANJANG;1;0;DUSUN 001
1,21E+15;73;PARMAKSIAN;4;BANJAR GANJANG;2;0;DUSUN 002
1,21E+15;73;PARMAKSIAN;4;BANJAR GANJANG;3;0;DUSUN 003
1,21E+15;73;PARMAKSIAN;4;BANJAR GANJANG;4;0;DUSUN 004
1,21E+15;73;PARMAKSIAN;5;PANGOMBUSAN;1;0;DUSUN 1
1,21E+15;73;PARMAKSIAN;5;PANGOMBUSAN;2;0;DUSUN 2
1,21E+15;73;PARMAKSIAN;5;PANGOMBUSAN;3;0;DUSUN 3
1,21E+15;73;PARMAKSIAN;6;LUMBAN SITORUS;1;0;DUSUN 1
1,21E+15;73;PARMAKSIAN;6;LUMBAN SITORUS;2;0;DUSUN 2
1,21E+15;73;PARMAKSIAN;7;BIUS GU BARAT;1;0;DUSUN 1
1,21E+15;73;PARMAKSIAN;7;BIUS GU BARAT;2;0;DUSUN 2
1,21E+15;73;PARMAKSIAN;7;BIUS GU BARAT;3;0;DUSUN 3
1,21E+15;73;PARMAKSIAN;8;LUMBAN HUALA;1;0;DUSUN 1
1,21E+15;73;PARMAKSIAN;8;LUMBAN HUALA;2;0;DUSUN 2
1,21E+15;73;PARMAKSIAN;8;LUMBAN HUALA;3;0;DUSUN 3
1,21E+15;73;PARMAKSIAN;9;TANGGA BATU II;1;0;DUSUN 1
1,21E+15;73;PARMAKSIAN;9;TANGGA BATU II;2;0;DUSUN 2
1,21E+15;73;PARMAKSIAN;10;TANGGA BATU I;1;1;DUSUN 1
1,21E+15;73;PARMAKSIAN;10;TANGGA BATU I;1;2;DUSUN 1
1,21E+15;73;PARMAKSIAN;10;TANGGA BATU I;2;0;DUSUN 2
1,21E+15;73;PARMAKSIAN;10;TANGGA BATU I;3;0;DUSUN 3
1,21E+15;73;PARMAKSIAN;10;TANGGA BATU I;4;0;DUSUN 4
1,21E+15;73;PARMAKSIAN;11;LUMBAN MANURUNG;1;0;DUSUN 1
1,21E+15;73;PARMAKSIAN;11;LUMBAN MANURUNG;2;0;DUSUN 2
1,21E+15;80;LUMBAN JULU;18;SIBARUANG;1;0;DUSUN 1
1,21E+15;80;LUMBAN JULU;18;SIBARUANG;2;0;DUSUN 2
1,21E+15;80;LUMBAN JULU;18;SIBARUANG;3;0;DUSUN 3
1,21E+15;80;LUMBAN JULU;25;JANGGA TORUAN;1;0;DUSUN 1
1,21E+15;80;LUMBAN JULU;25;JANGGA TORUAN;2;0;DUSUN 2
1,21E+15;80;LUMBAN JULU;25;JANGGA TORUAN;3;0;DUSUN 3
1,21E+15;80;LUMBAN JULU;25;JANGGA TORUAN;4;0;DUSUN 4
1,21E+15;80;LUMBAN JULU;26;JANGGA DOLOK;1;0;DUSUN 1
1,21E+15;80;LUMBAN JULU;26;JANGGA DOLOK;2;0;DUSUN 2
1,21E+15;80;LUMBAN JULU;26;JANGGA DOLOK;3;0;DUSUN 3
1,21E+15;80;LUMBAN JULU;27;HATINGGIAN;1;0;DUSUN 1
1,21E+15;80;LUMBAN JULU;27;HATINGGIAN;2;0;DUSUN 2
1,21E+15;80;LUMBAN JULU;28;LINTONG JULU;1;0;DUSUN 1
1,21E+15;80;LUMBAN JULU;28;LINTONG JULU;2;0;DUSUN 2
1,21E+15;80;LUMBAN JULU;28;LINTONG JULU;3;0;DUSUN 3
1,21E+15;80;LUMBAN JULU;29;PASAR LUMBAN JULU;1;0;DUSUN 1
1,21E+15;80;LUMBAN JULU;29;PASAR LUMBAN JULU;2;0;DUSUN 2
1,21E+15;80;LUMBAN JULU;29;PASAR LUMBAN JULU;3;0;DUSUN 3
1,21E+15;80;LUMBAN JULU;30;SIONGGANG UTARA;1;0;DUSUN 1
1,21E+15;80;LUMBAN JULU;30;SIONGGANG UTARA;2;0;DUSUN 2
1,21E+15;80;LUMBAN JULU;30;SIONGGANG UTARA;3;0;DUSUN 3
1,21E+15;80;LUMBAN JULU;30;SIONGGANG UTARA;4;0;DUSUN 4
1,21E+15;80;LUMBAN JULU;31;SIONGGANG TENGAH;1;0;DUSUN 1
1,21E+15;80;LUMBAN JULU;31;SIONGGANG TENGAH;2;0;DUSUN 2
1,21E+15;80;LUMBAN JULU;31;SIONGGANG TENGAH;3;0;DUSUN 3
1,21E+15;80;LUMBAN JULU;32;SIONGGANG SELATAN;1;0;DUSUN 1
1,21E+15;80;LUMBAN JULU;32;SIONGGANG SELATAN;2;0;DUSUN 2
1,21E+15;80;LUMBAN JULU;33;HUTANAMORA;1;0;DUSUN 1
1,21E+15;80;LUMBAN JULU;33;HUTANAMORA;2;0;DUSUN 2
1,21E+15;80;LUMBAN JULU;34;JONGGI NIHUTA;1;0;DUSUN 1
1,21E+15;80;LUMBAN JULU;34;JONGGI NIHUTA;2;0;DUSUN 2
1,21E+15;80;LUMBAN JULU;35;AEK NATOLU JAYA;1;0;DUSUN 1
1,21E+15;80;LUMBAN JULU;35;AEK NATOLU JAYA;2;0;DUSUN 2
1,21E+15;80;LUMBAN JULU;35;AEK NATOLU JAYA;3;0;DUSUN 3
1,21E+15;80;LUMBAN JULU;35;AEK NATOLU JAYA;4;0;DUSUN 4
1,21E+15;81;ULUAN;1;SIREGAR AEK NALAS;1;0;DUSUN 1 HUTABOLON
1,21E+15;81;ULUAN;1;SIREGAR AEK NALAS;2;0;DUSUN 2 TINGGIRAN
1,21E+15;81;ULUAN;1;SIREGAR AEK NALAS;3;0;DUSUN 3 TOBA HOLBUNG
1,21E+15;81;ULUAN;2;SIGAOL BARAT;1;0;DUSUN 1
1,21E+15;81;ULUAN;2;SIGAOL BARAT;2;0;DUSUN 2
1,21E+15;81;ULUAN;2;SIGAOL BARAT;3;0;DUSUN 3
1,21E+15;81;ULUAN;3;SIGAOL TIMUR;1;0;DUSUN 1 HUTAGURGUR
1,21E+15;81;ULUAN;3;SIGAOL TIMUR;2;0;DUSUN 2 SIGODANG RERE
1,21E+15;81;ULUAN;3;SIGAOL TIMUR;3;0;DUSUN 3 LUMBAN HOLBUNG
1,21E+15;81;ULUAN;4;MAROM;1;0;DUSUN 1 TIMUR
1,21E+15;81;ULUAN;4;MAROM;2;0;DUSUN 2 TONGA
1,21E+15;81;ULUAN;4;MAROM;3;0;DUSUN 3 BARAT
1,21E+15;81;ULUAN;5;SIBUNTUON;1;0;DUSUN 1
1,21E+15;81;ULUAN;5;SIBUNTUON;2;0;DUSUN 2
1,21E+15;81;ULUAN;5;SIBUNTUON;3;0;DUSUN 3
1,21E+15;81;ULUAN;6;DOLOK SARIBU JANJI MATOGU;1;0;DUSUN 1 DOLOKSARIBU
1,21E+15;81;ULUAN;6;DOLOK SARIBU JANJI MATOGU;2;0;DUSUN 2 LBN NATINGGIR
1,21E+15;81;ULUAN;7;PARTOR JANJI MATOGU;1;0;DUSUN 1
1,21E+15;81;ULUAN;7;PARTOR JANJI MATOGU;2;0;DUSUN 2
1,21E+15;81;ULUAN;7;PARTOR JANJI MATOGU;3;0;DUSUN 3
1,21E+15;81;ULUAN;8;PARBAGASAN JANJI MATOGU;1;0;DUSUN 1 PARBAGASAN
1,21E+15;81;ULUAN;8;PARBAGASAN JANJI MATOGU;2;0;DUSUN 2 SOSOR DOLOK
1,21E+15;81;ULUAN;9;PARTORUAN JANJI MATOGU;1;0;DUSUN 1
1,21E+15;81;ULUAN;9;PARTORUAN JANJI MATOGU;2;0;DUSUN 2
1,21E+15;81;ULUAN;9;PARTORUAN JANJI MATOGU;3;0;DUSUN 3
1,21E+15;81;ULUAN;10;PARHABINSARAN JANJI MATOGU;1;0;DUSUN 1 TANORO
1,21E+15;81;ULUAN;10;PARHABINSARAN JANJI MATOGU;2;0;DUSUN 2 SILANGIT
1,21E+15;81;ULUAN;10;PARHABINSARAN JANJI MATOGU;3;0;DUSUN 3 JANJI MARIA
1,21E+15;81;ULUAN;11;LUMBAN BINANGA;1;0;DUSUN 1
1,21E+15;81;ULUAN;11;LUMBAN BINANGA;2;0;DUSUN 2
1,21E+15;81;ULUAN;11;LUMBAN BINANGA;3;0;DUSUN 3
1,21E+15;81;ULUAN;12;LUMBAN HOLBUNG LUMBAN NABOLON;1;0;DUSUN 1 HUTA BATU
1,21E+15;81;ULUAN;12;LUMBAN HOLBUNG LUMBAN NABOLON;2;0;DUSUN 2 HUTABULU
1,21E+15;81;ULUAN;12;LUMBAN HOLBUNG LUMBAN NABOLON;3;0;DUSUN 3 LUMBAN HOLBUNG
1,21E+15;81;ULUAN;13;LUMBAN NABOLON;1;0;DUSUN 1
1,21E+15;81;ULUAN;13;LUMBAN NABOLON;2;0;DUSUN 2
1,21E+15;81;ULUAN;13;LUMBAN NABOLON;3;0;DUSUN 3
1,21E+15;81;ULUAN;13;LUMBAN NABOLON;4;0;DUSUN 4
1,21E+15;81;ULUAN;15;DOLOK NAGODANG;1;0;DUSUN 1 DOLOK NAGODANG
1,21E+15;81;ULUAN;15;DOLOK NAGODANG;2;0;DUSUN 2 LBN LINTONG
1,21E+15;81;ULUAN;15;DOLOK NAGODANG;3;0;DUSUN 3 SOSOR SILOBU
1,21E+15;81;ULUAN;16;PARIK;1;0;DUSUN 1 PARGODUNGAN
1,21E+15;81;ULUAN;16;PARIK;2;0;DUSUN 2 PAGORDANG
1,21E+15;81;ULUAN;16;PARIK;3;0;DUSUN 3 LUMBAN LOBU PARIK
1,21E+15;81;ULUAN;17;DOLOK SARIBU LUMBAN NABOLON;1;0;DUSUN 1 LBN PALIA
1,21E+15;81;ULUAN;17;DOLOK SARIBU LUMBAN NABOLON;2;0;DUSUN 2 LBN SIRAIT
1,21E+15;81;ULUAN;17;DOLOK SARIBU LUMBAN NABOLON;3;0;DUSUN 3 PARBAGASAN
1,21E+15;81;ULUAN;17;DOLOK SARIBU LUMBAN NABOLON;4;0;DUSUN 4 PARDAPDAP
1,21E+15;81;ULUAN;18;SAMPUARA;1;0;DUSUN 1 SAMPUARA
1,21E+15;81;ULUAN;18;SAMPUARA;2;0;DUSUN 2 SAITNIHUTA
1,21E+15;81;ULUAN;18;SAMPUARA;3;0;DUSUN 3 GOPGOPAN
1,21E+15;81;ULUAN;18;SAMPUARA;4;0;DUSUN 4 PANAMEAN
1,21E+15;82;AJIBATA;1;SIRUNGKUNGON;1;0;DUSUN 1
1,21E+15;82;AJIBATA;1;SIRUNGKUNGON;2;0;DUSUN 2
1,21E+15;82;AJIBATA;1;SIRUNGKUNGON;3;0;DUSUN 3
1,21E+15;82;AJIBATA;1;SIRUNGKUNGON;4;0;DUSUN 4
1,21E+15;82;AJIBATA;2;PARSAORAN SIBISA;1;0;DUSUN 1
1,21E+15;82;AJIBATA;2;PARSAORAN SIBISA;2;0;DUSUN 2
1,21E+15;82;AJIBATA;2;PARSAORAN SIBISA;3;0;DUSUN 3
1,21E+15;82;AJIBATA;3;PARDAMEAN SIBISA;1;0;DUSUN 1
1,21E+15;82;AJIBATA;3;PARDAMEAN SIBISA;2;0;DUSUN 2
1,21E+15;82;AJIBATA;3;PARDAMEAN SIBISA;3;0;DUSUN 3
1,21E+15;82;AJIBATA;4;SIGAPITON;1;0;DUSUN 1
1,21E+15;82;AJIBATA;4;SIGAPITON;2;0;DUSUN 2
1,21E+15;82;AJIBATA;4;SIGAPITON;3;0;DUSUN 3
1,21E+15;82;AJIBATA;5;HORSIK;1;0;DUSUN 1
1,21E+15;82;AJIBATA;5;HORSIK;2;0;DUSUN 2
1,21E+15;82;AJIBATA;5;HORSIK;3;0;DUSUN 3
1,21E+15;82;AJIBATA;5;HORSIK;4;0;DUSUN 4
1,21E+15;82;AJIBATA;6;MOTUNG;1;0;DUSUN 1
1,21E+15;82;AJIBATA;6;MOTUNG;2;0;DUSUN 2
1,21E+15;82;AJIBATA;7;PARSAORAN AJIBATA;3;0;RW 1 RT 1
1,21E+15;82;AJIBATA;7;PARSAORAN AJIBATA;4;0;RW 1 RT 2
1,21E+15;82;AJIBATA;7;PARSAORAN AJIBATA;5;0;RW 1 RT 3
1,21E+15;82;AJIBATA;7;PARSAORAN AJIBATA;6;0;RW 2 RT 1
1,21E+15;82;AJIBATA;7;PARSAORAN AJIBATA;7;0;RW 2 RT 2
1,21E+15;82;AJIBATA;7;PARSAORAN AJIBATA;8;0;RW 2 RT 3
1,21E+15;82;AJIBATA;8;PARDOMUAN AJIBATA;1;0;DUSUN 1
1,21E+15;82;AJIBATA;8;PARDOMUAN AJIBATA;2;0;DUSUN 2
1,21E+15;82;AJIBATA;9;PARDAMEAN AJIBATA;1;0;DUSUN 1
1,21E+15;82;AJIBATA;9;PARDAMEAN AJIBATA;2;0;DUSUN 2
1,21E+15;82;AJIBATA;9;PARDAMEAN AJIBATA;3;0;DUSUN 3
1,21E+15;82;AJIBATA;9;PARDAMEAN AJIBATA;4;0;DUSUN 4
1,21E+15;82;AJIBATA;9;PARDAMEAN AJIBATA;5;0;DUSUN 5
1,21E+15;82;AJIBATA;10;PARDOMUAN MOTUNG;1;0;DUSUN 1
1,21E+15;82;AJIBATA;10;PARDOMUAN MOTUNG;2;0;DUSUN 2
1,21E+15;82;AJIBATA;10;PARDOMUAN MOTUNG;3;0;DUSUN 3
1,21E+15;83;BONATUA LUNASI;1;SIBADIHON;1;0;DUSUN 1
1,21E+15;83;BONATUA LUNASI;1;SIBADIHON;2;0;DUSUN 2
1,21E+15;83;BONATUA LUNASI;2;NAGA TIMBUL;1;0;DUSUN 1
1,21E+15;83;BONATUA LUNASI;2;NAGA TIMBUL;2;0;DUSUN 2
1,21E+15;83;BONATUA LUNASI;3;HARUNGGUAN;1;0;DUSUN 1
1,21E+15;83;BONATUA LUNASI;3;HARUNGGUAN;2;0;DUSUN 2
1,21E+15;83;BONATUA LUNASI;4;LUMBAN LOBU;1;0;DUSUN 1
1,21E+15;83;BONATUA LUNASI;4;LUMBAN LOBU;2;0;DUSUN 2
1,21E+15;83;BONATUA LUNASI;5;SINAR SABUNGAN;1;0;DUSUN 1
1,21E+15;83;BONATUA LUNASI;5;SINAR SABUNGAN;2;0;DUSUN 2
1,21E+15;83;BONATUA LUNASI;5;SINAR SABUNGAN;3;0;DUSUN 3
1,21E+15;83;BONATUA LUNASI;5;SINAR SABUNGAN;4;0;DUSUN 4
1,21E+15;83;BONATUA LUNASI;6;SIHIONG;1;0;DUSUN 1
1,21E+15;83;BONATUA LUNASI;6;SIHIONG;2;0;DUSUN 2
1,21E+15;83;BONATUA LUNASI;6;SIHIONG;3;0;DUSUN 3
1,21E+15;83;BONATUA LUNASI;8;SILAMOSIK II;1;0;DUSUN 1
1,21E+15;83;BONATUA LUNASI;8;SILAMOSIK II;2;0;DUSUN 2
1,21E+15;83;BONATUA LUNASI;11;NAGA TIMBUL TIMUR;1;0;DUSUN 1
1,21E+15;83;BONATUA LUNASI;11;NAGA TIMBUL TIMUR;2;0;DUSUN 2
1,21E+15;83;BONATUA LUNASI;11;NAGA TIMBUL TIMUR;3;0;DUSUN 3
1,21E+15;83;BONATUA LUNASI;12;LUMBAN SANGKALAN;1;0;DUSUN 1
1,21E+15;83;BONATUA LUNASI;12;LUMBAN SANGKALAN;2;0;DUSUN 2
1,21E+15;83;BONATUA LUNASI;13;PARTORUAN LUMBAN LOBU;1;0;DUSUN 1
1,21E+15;83;BONATUA LUNASI;13;PARTORUAN LUMBAN LOBU;2;0;DUSUN 2
1,21E+15;83;BONATUA LUNASI;13;PARTORUAN LUMBAN LOBU;3;0;DUSUN 3
1,21E+15;83;BONATUA LUNASI;14;PARDOLOK LUMBAN LOBU;1;0;DUSUN 1
1,21E+15;83;BONATUA LUNASI;14;PARDOLOK LUMBAN LOBU;2;0;DUSUN 2
1,21E+15;83;BONATUA LUNASI;14;PARDOLOK LUMBAN LOBU;3;0;DUSUN 3
1,21E+15;83;BONATUA LUNASI;15;SILOMBU;1;0;DUSUN 1
1,21E+15;83;BONATUA LUNASI;15;SILOMBU;2;0;DUSUN 2
1,21E+15;83;BONATUA LUNASI;15;SILOMBU;3;0;DUSUN 3
